{"cameraMode":{"drawMode":0,"name":"Shaded","section":"Shading Mode"},"sceneLighting":false,"audioPlay":false,"sceneViewState":{"m_AlwaysRefresh":false,"showFog":true,"showSkybox":false,"showFlares":true,"showImageEffects":true,"showParticleSystems":true,"showVisualEffectGraphs":true,"m_FxEnabled":true},"in2DMode":false,"pivot":{"x":-1.362375259399414,"y":-1.2094602584838868,"z":1.2309978008270264},"rotation":{"x":0.9167935848236084,"y":0.007779255975037813,"z":-0.017879880964756013,"w":0.39890074729919436},"size":2.523406982421875,"orthographic":false}