{"cameraMode":{"drawMode":0,"name":"Shaded","section":"Shading Mode"},"sceneLighting":false,"audioPlay":false,"sceneViewState":{"showFog":true,"showMaterialUpdate":false,"showSkybox":false,"showFlares":true,"showImageEffects":true,"showParticleSystems":true},"in2DMode":false,"pivot":{"x":-0.6250972747802734,"y":1.2138299942016602,"z":3.4569954872131349},"rotation":{"x":0.3584061861038208,"y":-0.03919230401515961,"z":0.015064912848174572,"w":0.932624876499176},"size":10.642495155334473,"orthographic":false}